-- MySQL dump 10.13  Distrib 8.0.23, for Linux (x86_64)
--
-- Host: localhost    Database: marcas
-- ------------------------------------------------------
-- Server version       8.0.23

/*!40101 SET @OLD_CHARACTER_SET_CLIENT=@@CHARACTER_SET_CLIENT */;
/*!40101 SET @OLD_CHARACTER_SET_RESULTS=@@CHARACTER_SET_RESULTS */;
/*!40101 SET @OLD_COLLATION_CONNECTION=@@COLLATION_CONNECTION */;
/*!50503 SET NAMES utf8mb4 */;
/*!40103 SET @OLD_TIME_ZONE=@@TIME_ZONE */;
/*!40103 SET TIME_ZONE='+00:00' */;
/*!40014 SET @OLD_UNIQUE_CHECKS=@@UNIQUE_CHECKS, UNIQUE_CHECKS=0 */;
/*!40014 SET @OLD_FOREIGN_KEY_CHECKS=@@FOREIGN_KEY_CHECKS, FOREIGN_KEY_CHECKS=0 */;
/*!40101 SET @OLD_SQL_MODE=@@SQL_MODE, SQL_MODE='NO_AUTO_VALUE_ON_ZERO' */;
/*!40111 SET @OLD_SQL_NOTES=@@SQL_NOTES, SQL_NOTES=0 */;

--
-- Table structure for table `comentarios`
--

DROP TABLE IF EXISTS `comentarios`;
/*!40101 SET @saved_cs_client     = @@character_set_client */;
/*!50503 SET character_set_client = utf8mb4 */;
CREATE TABLE `comentarios` (
  `id` int NOT NULL AUTO_INCREMENT,
  `comentario` varchar(510) NOT NULL,
  `feed` int NOT NULL,
  `nome` varchar(255) DEFAULT NULL,
  `conta` varchar(255) NOT NULL,
  `data` datetime NOT NULL,
  PRIMARY KEY (`id`),
  KEY `fk_feed_idx` (`feed`),
  CONSTRAINT `fk_comentarios_feeds` FOREIGN KEY (`feed`) REFERENCES `feeds` (`id`)
) ENGINE=InnoDB AUTO_INCREMENT=3 DEFAULT CHARSET=utf8mb4 COLLATE=utf8mb4_0900_ai_ci;
/*!40101 SET character_set_client = @saved_cs_client */;

--
-- Dumping data for table `comentarios`
--

LOCK TABLES `comentarios` WRITE;
/*!40000 ALTER TABLE `comentarios` DISABLE KEYS */;
INSERT INTO `comentarios` VALUES (1,'teste',1,'Luis Paulo','luispscarvalho@gmail.com','2021-04-16 21:32:35');
/*!40000 ALTER TABLE `comentarios` ENABLE KEYS */;
UNLOCK TABLES;

--
-- Table structure for table `empresas`
--

DROP TABLE IF EXISTS `empresas`;
/*!40101 SET @saved_cs_client     = @@character_set_client */;
/*!50503 SET character_set_client = utf8mb4 */;
CREATE TABLE `empresas` (
  `id` int NOT NULL AUTO_INCREMENT,
  `nome` varchar(255) NOT NULL,
  `avatar` varchar(255) NOT NULL,
  PRIMARY KEY (`id`)
) ENGINE=InnoDB AUTO_INCREMENT=7 DEFAULT CHARSET=utf8mb4 COLLATE=utf8mb4_0900_ai_ci;
/*!40101 SET character_set_client = @saved_cs_client */;

--
-- Dumping data for table `empresas`
--

LOCK TABLES `empresas` WRITE;
/*!40000 ALTER TABLE `empresas` DISABLE KEYS */;
INSERT INTO `empresas` VALUES (1,'Chilli Beans','chillibeans.png'),(2,'Ray-Ban','rayban.png'),(3,'H. Stern','hstern.png'),(4,'Boticário','boticario.png'),(5,'Arezzo','arezzo.png'),(6,'Dafiti','dafiti.png');
/*!40000 ALTER TABLE `empresas` ENABLE KEYS */;
UNLOCK TABLES;

--
-- Table structure for table `feeds`
--

DROP TABLE IF EXISTS `feeds`;
/*!40101 SET @saved_cs_client     = @@character_set_client */;
/*!50503 SET character_set_client = utf8mb4 */;
CREATE TABLE `feeds` (
  `id` int NOT NULL AUTO_INCREMENT,
  `data` datetime NOT NULL,
  `produto` int DEFAULT NULL,
  PRIMARY KEY (`id`),
  KEY `fk_feeds_produtos_idx` (`produto`),
  CONSTRAINT `fk_feeds_produtos` FOREIGN KEY (`produto`) REFERENCES `produtos` (`id`)
) ENGINE=InnoDB AUTO_INCREMENT=8 DEFAULT CHARSET=utf8mb4 COLLATE=utf8mb4_0900_ai_ci;
/*!40101 SET character_set_client = @saved_cs_client */;

--
-- Dumping data for table `feeds`
--

LOCK TABLES `feeds` WRITE;
/*!40000 ALTER TABLE `feeds` DISABLE KEYS */;
INSERT INTO `feeds` VALUES (1,'2021-04-14 18:21:11',1),(2,'2021-04-14 18:21:11',2),(3,'2021-04-14 18:21:11',3),(4,'2021-04-14 18:21:11',4),(5,'2021-04-14 18:21:11',5),(6,'2021-04-14 18:21:11',6),(7,'2021-04-14 18:21:11',7);
/*!40000 ALTER TABLE `feeds` ENABLE KEYS */;
UNLOCK TABLES;

--
-- Table structure for table `likes`
--

DROP TABLE IF EXISTS `likes`;
/*!40101 SET @saved_cs_client     = @@character_set_client */;
/*!50503 SET character_set_client = utf8mb4 */;
CREATE TABLE `likes` (
  `id` int NOT NULL AUTO_INCREMENT,
  `feed` int NOT NULL,
  `email` varchar(255) NOT NULL,
  PRIMARY KEY (`id`),
  KEY `fk_likes_feeds_idx` (`feed`),
  CONSTRAINT `fk_likes_feeds` FOREIGN KEY (`feed`) REFERENCES `feeds` (`id`)
) ENGINE=InnoDB AUTO_INCREMENT=9 DEFAULT CHARSET=utf8mb4 COLLATE=utf8mb4_0900_ai_ci;
/*!40101 SET character_set_client = @saved_cs_client */;

--
-- Dumping data for table `likes`
--

LOCK TABLES `likes` WRITE;
/*!40000 ALTER TABLE `likes` DISABLE KEYS */;
INSERT INTO `likes` VALUES (8,1,'luispscarvalho@gmail.com');
/*!40000 ALTER TABLE `likes` ENABLE KEYS */;
UNLOCK TABLES;

--
-- Table structure for table `produtos`
--

DROP TABLE IF EXISTS `produtos`;
/*!40101 SET @saved_cs_client     = @@character_set_client */;
/*!50503 SET character_set_client = utf8mb4 */;
CREATE TABLE `produtos` (
  `id` int NOT NULL AUTO_INCREMENT,
  `nome` varchar(255) NOT NULL,
  `descricao` varchar(510) NOT NULL,
  `preco` decimal(10,2) NOT NULL,
  `url` varchar(1020) NOT NULL,
  `imagem1` varchar(255) NOT NULL,
  `imagem2` varchar(255) DEFAULT NULL,
  `imagem3` varchar(255) DEFAULT NULL,
  `empresa` int NOT NULL,
  PRIMARY KEY (`id`),
  KEY `fk_produtos_empesas_idx` (`empresa`),
  CONSTRAINT `fk_produtos_empesas` FOREIGN KEY (`empresa`) REFERENCES `empresas` (`id`)
) ENGINE=InnoDB AUTO_INCREMENT=8 DEFAULT CHARSET=utf8mb4 COLLATE=utf8mb4_0900_ai_ci;
/*!40101 SET character_set_client = @saved_cs_client */;

--
-- Dumping data for table `produtos`
--

LOCK TABLES `produtos` WRITE;
/*!40000 ALTER TABLE `produtos` DISABLE KEYS */;
INSERT INTO `produtos` VALUES (1,'Óculos Esportivo','Lorem ipsum dolor sit amet, consectetur adipiscing elit, sed do eiusmod tempor incididunt ut labore et dolore magna aliqua',100.00,'http://www.google.com','glasses0.jpeg','glasses1.jpeg','glasses2.jpeg',1),(2,'Óculos Esportivo','Lorem ipsum dolor sit amet, consectetur adipiscing elit, sed do eiusmod tempor incididunt ut labore et dolore magna aliqua',200.00,'http://www.google.com','glasses0.jpeg','glasses1.jpeg',NULL,2),(3,'Anel','Lorem ipsum dolor sit amet, consectetur adipiscing elit, sed do eiusmod tempor incididunt ut labore et dolore magna aliqua',300.00,'http://www.google.com','jewelry0.jpeg','jewelry1.jpeg',NULL,3),(4,'Conjunto Brinco e Anel','Lorem ipsum dolor sit amet, consectetur adipiscing elit, sed do eiusmod tempor incididunt ut labore et dolore magna aliqua',300.00,'http://www.google.com','jewelry0.jpeg',NULL,NULL,3),(5,'Maquiagem','Lorem ipsum dolor sit amet, consectetur adipiscing elit, sed do eiusmod tempor incididunt ut labore et dolore magna aliqua',80.00,'http://www.google.com','makeup0.jpg','makeup1.jpg','makeup2.jpg',4),(6,'Tênis Feminino','Lorem ipsum dolor sit amet, consectetur adipiscing elit, sed do eiusmod tempor incididunt ut labore et dolore magna aliqua',400.00,'http://www.google.com','shoes0.jpg','shoes1.jpg','shoes2.jpg',5),(7,'Tênis Feminino','Lorem ipsum dolor sit amet, consectetur adipiscing elit, sed do eiusmod tempor incididunt ut labore et dolore magna aliqua',500.00,'http://www.google.com','shoes0.jpg','shoes1.jpg','shoes2.jpg',6);
/*!40000 ALTER TABLE `produtos` ENABLE KEYS */;
UNLOCK TABLES;
/*!40103 SET TIME_ZONE=@OLD_TIME_ZONE */;

/*!40101 SET SQL_MODE=@OLD_SQL_MODE */;
/*!40014 SET FOREIGN_KEY_CHECKS=@OLD_FOREIGN_KEY_CHECKS */;
/*!40014 SET UNIQUE_CHECKS=@OLD_UNIQUE_CHECKS */;
/*!40101 SET CHARACTER_SET_CLIENT=@OLD_CHARACTER_SET_CLIENT */;
/*!40101 SET CHARACTER_SET_RESULTS=@OLD_CHARACTER_SET_RESULTS */;
/*!40101 SET COLLATION_CONNECTION=@OLD_COLLATION_CONNECTION */;
/*!40111 SET SQL_NOTES=@OLD_SQL_NOTES */;

-- Dump completed on 2021-04-16 21:48:40